Hugo_Symbol,Chromosome,Start_Position,Variant_Classification,Variant_Type,HGVSc,HGVSp_Short,IMPACT,COSMIC,CLIN_SIG,Tumor_Sample_Barcode
PRAMEF7,chr1,12917834,Missense_Mutation,SNP,c.142C>T,p.R48C,MODERATE,,,TCGA-BH-A18H-01A-11D-A12B-09
PRAMEF14,chr1,13342617,Missense_Mutation,SNP,c.1336C>A,p.Q446K,MODERATE,COSM3801558;COSM4813358,,TCGA-BH-A18H-01A-11D-A12B-09
SPEN,chr1,15936120,Nonsense_Mutation,SNP,c.9880C>T,p.Q3294*,HIGH,COSM424416,,TCGA-BH-A18H-01A-11D-A12B-09
EMC1,chr1,19233043,Missense_Mutation,SNP,c.1525G>A,p.A509T,MODERATE,COSM424896,,TCGA-BH-A18H-01A-11D-A12B-09
SLC26A9,chr1,205929900,Missense_Mutation,SNP,c.709A>G,p.I237V,MODERATE,COSM425132;COSM425133,,TCGA-BH-A18H-01A-11D-A12B-09
CAMK1,chr3,9761754,Missense_Mutation,SNP,c.433G>A,p.E145K,MODERATE,COSM447124,,TCGA-BH-A18H-01A-11D-A12B-09
XYLB,chr3,38365212,Missense_Mutation,SNP,c.305T>C,p.I102T,MODERATE,,,TCGA-BH-A18H-01A-11D-A12B-09
MAPKAPK3,chr3,50641752,Missense_Mutation,SNP,c.405C>A,p.D135E,MODERATE,COSM446765,,TCGA-BH-A18H-01A-11D-A12B-09
CEP70,chr3,138505317,Missense_Mutation,SNP,c.1199C>A,p.A400E,MODERATE,,,TCGA-BH-A18H-01A-11D-A12B-09
PIK3CA,chr3,179234266,Missense_Mutation,SNP,c.3109G>A,p.E1037K,MODERATE,COSM30627;COSM446026,,TCGA-BH-A18H-01A-11D-A12B-09
RASL11B,chr4,52863303,Missense_Mutation,SNP,c.178G>A,p.G60S,MODERATE,,,TCGA-BH-A18H-01A-11D-A12B-09
FRAS1,chr4,78475457,Missense_Mutation,SNP,c.7702G>A,p.A2568T,MODERATE,COSM448176;COSM448177,,TCGA-BH-A18H-01A-11D-A12B-09
ENOPH1,chr4,82454785,Missense_Mutation,SNP,c.453C>G,p.I151M,MODERATE,COSM448228,,TCGA-BH-A18H-01A-11D-A12B-09
TENM2,chr5,168247669,Missense_Mutation,SNP,c.6730A>G,p.M2244V,MODERATE,,,TCGA-BH-A18H-01A-11D-A12B-09
MEP1A,chr6,46833298,Missense_Mutation,SNP,c.1369C>T,p.P457S,MODERATE,,,TCGA-BH-A18H-01A-11D-A12B-09
SHPRH,chr6,145955097,Missense_Mutation,SNP,c.226G>C,p.V76L,MODERATE,COSM450632;COSM4813360,,TCGA-BH-A18H-01A-11D-A12B-09
WNK2,chr9,93289136,Missense_Mutation,SNP,c.4493A>C,p.E1498A,MODERATE,COSM456263;COSM456264;COSM5218751;COSM5218752,,TCGA-BH-A18H-01A-11D-A12B-09
SPOUT1,chr9,128825037,Missense_Mutation,SNP,c.652G>A,p.D218N,MODERATE,COSM455431,,TCGA-BH-A18H-01A-11D-A12B-09
GLT6D1,chr9,135631435,Missense_Mutation,SNP,c.115C>T,p.P39S,MODERATE,COSM5218753,,TCGA-BH-A18H-01A-11D-A12B-09
PRMT3,chr11,20464470,Missense_Mutation,SNP,c.1271G>A,p.C424Y,MODERATE,COSM428823,,TCGA-BH-A18H-01A-11D-A12B-09
NELL1,chr11,20960481,Nonsense_Mutation,SNP,c.1221C>A,p.C407*,HIGH,COSM4436124,,TCGA-BH-A18H-01A-11D-A12B-09
CCDC88B,chr11,64344291,Missense_Mutation,SNP,c.1750G>A,p.E584K,MODERATE,COSM429537,,TCGA-BH-A18H-01A-11D-A12B-09
KLHL35,chr11,75422702,Missense_Mutation,SNP,c.1630G>A,p.E544K,MODERATE,COSM429859,,TCGA-BH-A18H-01A-11D-A12B-09
PRCP,chr11,82825006,Missense_Mutation,SNP,c.1391C>T,p.A464V,MODERATE,COSM1475930;COSM429961,,TCGA-BH-A18H-01A-11D-A12B-09
A2M,chr12,9077813,Missense_Mutation,SNP,c.3164A>G,p.Y1055C,MODERATE,COSM431977,,TCGA-BH-A18H-01A-11D-A12B-09
TSFM,chr12,57783197,Missense_Mutation,SNP,c.145C>T,p.L49F,MODERATE,,,TCGA-BH-A18H-01A-11D-A12B-09
UBC,chr12,124911850,Missense_Mutation,SNP,c.1922A>C,p.K641T,MODERATE,,,TCGA-BH-A18H-01A-11D-A12B-09
ING1,chr13,110719416,Missense_Mutation,SNP,c.753C>G,p.S251R,MODERATE,,,TCGA-BH-A18H-01A-11D-A12B-09
SPRED1,chr15,38322370,Missense_Mutation,SNP,c.337G>A,p.D113N,MODERATE,COSM433754,,TCGA-BH-A18H-01A-11D-A12B-09
NDUFAF1,chr15,41395020,Frame_Shift_Del,DEL,c.597_598del,p.Y200Rfs*38,HIGH,COSM433819,,TCGA-BH-A18H-01A-11D-A12B-09
ITGAX,chr16,31381866,Missense_Mutation,SNP,c.3451G>A,p.E1151K,MODERATE,COSM435175,,TCGA-BH-A18H-01A-11D-A12B-09
TP53,chr17,7673537,Nonsense_Mutation,SNP,c.991C>T,p.Q331*,HIGH,COSM11354;COSM1649348;COSM289612;COSM3522688,,TCGA-BH-A18H-01A-11D-A12B-09
B3GNTL1,chr17,83048667,Splice_Site,SNP,c.177+2T>C,p.X59_splice,HIGH,,,TCGA-BH-A18H-01A-11D-A12B-09
ZNF135,chr19,58068151,Missense_Mutation,SNP,c.1667G>A,p.G556D,MODERATE,,,TCGA-BH-A18H-01A-11D-A12B-09
DMD,chrX,32699221,Missense_Mutation,SNP,c.722A>G,p.Q241R,MODERATE,COSM1490923;COSM457417;COSM457418,,TCGA-BH-A18H-01A-11D-A12B-09
ARMCX5,chrX,102603078,Missense_Mutation,SNP,c.937G>C,p.D313H,MODERATE,,,TCGA-BH-A18H-01A-11D-A12B-09
